<?xml version="1.0" encoding="utf-8" ?>
<Patch>

<!--
SpouseCount_Male_MaxOne
SpouseCount_Female_MaxOne
SpouseCount_Male_MaxTwo
SpouseCount_Female_MaxTwo
SpouseCount_Male_MaxThree
SpouseCount_Female_MaxThree
SpouseCount_Male_MaxFour
SpouseCount_Female_MaxFour
-->



	<Operation Class="PatchOperationSequence">
		<operations>
			<li Class="PatchOperationTest">
				<xpath>Defs/PreceptDef[defName="SpouseCount_Male_MaxOne"]</xpath>
			</li>
			
			<li Class="PatchOperationAdd">
				<xpath>Defs/PreceptDef[defName="SpouseCount_Male_MaxOne"]/comps/li[@Class="PreceptComp_UnwillingToDo_Gendered"]</xpath>

				<value>
					<nullifyingTraits>
						<li>Harem_Master</li>
					</nullifyingTraits>
				</value>
			</li>
		</operations>
	</Operation>

	<Operation Class="PatchOperationSequence">
		<operations>
			<li Class="PatchOperationTest">
				<xpath>Defs/PreceptDef[defName="SpouseCount_Female_MaxOne"]</xpath>
			</li>
			
			<li Class="PatchOperationAdd">
				<xpath>Defs/PreceptDef[defName="SpouseCount_Female_MaxOne"]/comps/li[@Class="PreceptComp_UnwillingToDo_Gendered"]</xpath>

				<value>
					<nullifyingTraits>
						<li>Harem_Master</li>
					</nullifyingTraits>
				</value>
			</li>
		</operations>
	</Operation>

	<Operation Class="PatchOperationSequence">
		<operations>
			<li Class="PatchOperationTest">
				<xpath>Defs/PreceptDef[defName="SpouseCount_Male_MaxTwo"]</xpath>
			</li>
			
			<li Class="PatchOperationAdd">
				<xpath>Defs/PreceptDef[defName="SpouseCount_Male_MaxTwo"]/comps/li[@Class="PreceptComp_UnwillingToDo_Gendered"]</xpath>

				<value>
					<nullifyingTraits>
						<li>Harem_Master</li>
					</nullifyingTraits>
				</value>
			</li>
		</operations>
	</Operation>

	<Operation Class="PatchOperationSequence">
		<operations>
			<li Class="PatchOperationTest">
				<xpath>Defs/PreceptDef[defName="SpouseCount_Female_MaxTwo"]</xpath>
			</li>
			
			<li Class="PatchOperationAdd">
				<xpath>Defs/PreceptDef[defName="SpouseCount_Female_MaxTwo"]/comps/li[@Class="PreceptComp_UnwillingToDo_Gendered"]</xpath>

				<value>
					<nullifyingTraits>
						<li>Harem_Master</li>
					</nullifyingTraits>
				</value>
			</li>
		</operations>
	</Operation>

	<Operation Class="PatchOperationSequence">
		<operations>
			<li Class="PatchOperationTest">
				<xpath>Defs/PreceptDef[defName="SpouseCount_Male_MaxThree"]</xpath>
			</li>
			
			<li Class="PatchOperationAdd">
				<xpath>Defs/PreceptDef[defName="SpouseCount_Male_MaxThree"]/comps/li[@Class="PreceptComp_UnwillingToDo_Gendered"]</xpath>

				<value>
					<nullifyingTraits>
						<li>Harem_Master</li>
					</nullifyingTraits>
				</value>
			</li>
		</operations>
	</Operation>	

	<Operation Class="PatchOperationSequence">
		<operations>
			<li Class="PatchOperationTest">
				<xpath>Defs/PreceptDef[defName="SpouseCount_Female_MaxThree"]</xpath>
			</li>
			
			<li Class="PatchOperationAdd">
				<xpath>Defs/PreceptDef[defName="SpouseCount_Female_MaxThree"]/comps/li[@Class="PreceptComp_UnwillingToDo_Gendered"]</xpath>

				<value>
					<nullifyingTraits>
						<li>Harem_Master</li>
					</nullifyingTraits>
				</value>
			</li>
		</operations>
	</Operation>

	<Operation Class="PatchOperationSequence">
		<operations>
			<li Class="PatchOperationTest">
				<xpath>Defs/PreceptDef[defName="SpouseCount_Male_MaxFour"]</xpath>
			</li>
			
			<li Class="PatchOperationAdd">
				<xpath>Defs/PreceptDef[defName="SpouseCount_Male_MaxFour"]/comps/li[@Class="PreceptComp_UnwillingToDo_Gendered"]</xpath>

				<value>
					<nullifyingTraits>
						<li>Harem_Master</li>
					</nullifyingTraits>
				</value>
			</li>
		</operations>
	</Operation>	

	<Operation Class="PatchOperationSequence">
		<operations>
			<li Class="PatchOperationTest">
				<xpath>Defs/PreceptDef[defName="SpouseCount_Female_MaxFour"]</xpath>
			</li>
			
			<li Class="PatchOperationAdd">
				<xpath>Defs/PreceptDef[defName="SpouseCount_Female_MaxFour"]/comps/li[@Class="PreceptComp_UnwillingToDo_Gendered"]</xpath>

				<value>
					<nullifyingTraits>
						<li>Harem_Master</li>
					</nullifyingTraits>
				</value>
			</li>
		</operations>
	</Operation>	
</Patch>